Pressure,Temperature,x1,y1
336.6472514692781,333.15,0.92,0.9663632084873615
338.2058978072794,333.15,0.93,0.9707358865365693
339.8366476668662,333.15,0.94,0.975064764477782
341.5398634769339,333.15,0.95,0.9793476232872971
343.31592602186055,333.15,0.96,0.9835823288320834
345.16523402644594,333.15,0.97,0.9877668336384097
347.08820375294533,333.15,0.98,0.9918991784494131
349.0852686101765,333.15,0.99,0.9959774935702143
352.0090998454291,334.15,0.92,0.9663735826873949
353.6379679997044,334.15,0.93,0.970745955987482
355.34248185869313,334.15,0.94,0.9750742613199423
357.12301700036625,334.15,0.95,0.9793562707118542
358.97996837242744,334.15,0.96,0.9835898420128548
360.9137498454974,334.15,0.97,0.9877729206611945
362.92479377966805,334.15,0.98,0.9919035412362566
365.01355060435765,334.15,0.99,0.9959798287961744
367.960049497413,335.15,0.92,0.9663837986270984
369.6617913738397,335.15,0.93,0.9707558782344694
371.4428677869452,335.15,0.94,0.97508362426352
373.3036677752678,335.15,0.95,0.9793647999186134
375.2446008084828,335.15,0.96,0.9835972551552523
377.2660963069486,335.15,0.97,0.9877789284433092
379.3686031759878,335.15,0.98,0.9919078483142506
381.5525893547824,335.15,0.99,0.9959821346910103
384.51806827578724,336.15,0.92,0.9663938588175643
386.29541507222996,336.15,0.93,0.970765655592049
388.1559367507752,336.15,0.94,0.9750928553975107
390.1000361225314,336.15,0.95,0.9793732127398549
392.12813754007817,336.15,0.96,0.9836045698013658
394.2406863814041,336.15,0.97,0.9877848582008675
396.4381485500391,336.15,0.98,0.9919121005354109
398.72100999120335,336.15,0.99,0.9959844117021583
401.7015126325786,337.15,0.92,0.9664037657229786
403.55727650229034,337.15,0.93,0.9707752903315855
405.50021209438785,337.15,0.94,0.9751019567720123
407.5307363047363,337.15,0.95,0.9793815109737647
409.6492887317611,337.15,0.96,0.983611787464594
411.8563311227192,337.15,0.97,0.9877907111273482
414.1523468377205,337.15,0.98,0.9919162987358803
416.53784033126624,337.15,0.99,0.9959866602687077
419.52913163880436,338.15,0.92,0.9664135217616526
421.4662073696479,338.15,0.93,0.9707847846822413
423.4946132576813,338.15,0.94,0.9751109303990817
425.61478059555554,338.15,0.95,0.9793896963851869
427.8271645922034,338.15,0.96,0.9836189096302798
430.1322437792902,338.15,0.97,0.9877964883940965
432.53051943707896,338.15,0.98,0.9919204437362813
435.0225150394076,338.15,0.99,0.995988880821586
438.0200709510659,339.15,0.92,0.9664231293070292
440.04143766031143,339.15,0.93,0.9707941408319015
442.15845977546246,339.15,0.94,0.9751197782535705
444.3715832974734,339.15,0.95,0.9793977707063576
446.681279411861,339.15,0.96,0.9836259377563276
449.0880438530878,339.15,0.97,0.9878021911508131
451.5923962901341,339.15,0.98,0.9919245363420601
454.19487973287863,339.15,0.99,0.995991073783741
457.1938767256846,340.15,0.92,0.9664325906886605
459.30259957013544,340.15,0.93,0.9708033609280754
461.5114752236965,340.15,0.94,0.9751285022739381
463.8209647062617,340.15,0.95,0.9794057356376178
466.2315555471079,340.15,0.96,0.983632873273806
468.74376110486673,340.15,0.97,0.9878078205260299
471.35811991056994,340.15,0.98,0.991928577343821
474.0751950333133,340.15,0.99,0.9959932395703169
477.0704994788985,341.15,0.92,0.9664419081931642
479.2697313800906,341.15,0.93,0.9708124470787762
481.57379111129467,341.15,0.94,0.9751371043630452
483.9831550207155,341.15,0.95,0.9794135928481111
486.4983273493376,341.15,0.96,0.9836397175875348
489.11983950403567,341.15,0.97,0.9878133776275742
491.8482493557667,341.15,0.98,0.9919325675176529
494.68414056230483,341.15,0.99,0.9959953785888265
497.67029789164616,342.15,0.92,0.9664510840651541
499.96328127586025,342.15,0.93,0.9708214013533775
502.3659507159545,342.15,0.94,0.9751455863889272
504.87879819615574,342.15,0.95,0.9794213439764612
507.50234503753006,342.15,0.96,0.9836464720766558
510.2371411216805,342.15,0.97,0.9878188635430208
513.0837641416597,342.15,0.98,0.9919365076254467
516.042818879467,342.15,0.99,0.9959974912393181
519.0140425575161,343.15,0.92,0.9664601205081464
521.4041111103369,343.15,0.93,0.9708302257834479
523.9089128626217,343.15,0.94,0.9751539501855467
526.5289557402573,343.15,0.95,0.9794289906314334
529.2647785128371,343.15,0.96,0.9836531380951914
532.1169499652847,343.15,0.97,0.9878242793401327
535.086068098958,343.15,0.98,0.9919403984152048
538.1727593615066,343.15,0.99,0.9959995779145403
541.1229196724612,344.15,0.92,0.9664690196854459
543.6135001076119,344.15,0.93,0.9708389223635663
546.2240556431586,344.15,0.94,0.9751621975535292
548.9551104497866,344.15,0.95,0.9794365343925793
551.8072211137631,344.15,0.96,0.9836597169725874
554.7809757537142,344.15,0.97,0.98782962606729
557.8769931692857,344.15,0.98,0.9919442406213435
561.0959220208579,344.15,0.99,0.9960016390000989
564.0185346649137,345.15,0.92,0.9664777837210069
566.6131485070907,345.15,0.93,0.9708474930521147
569.3331800758463,345.15,0.94,0.9751703302608784
572.1791700868639,345.15,0.95,0.979443976810865
575.1516933105495,345.15,0.96,0.983666210014242
578.2513576310712,345.15,0.97,0.9878349047539088
581.4788031398385,345.15,0.98,0.9919480349649864
584.834701262467,345.15,0.99,0.9960036748746137
587.7229157649739,346.15,0.92,0.9664864147002763
590.4251811463972,346.15,0.93,0.9708559397720534
593.2585137033808,346.15,0.94,0.9751783500436751
596.2234709934105,346.15,0.95,0.9794513194092842
599.3206463374136,346.15,0.96,0.9836726185020239
602.5506678180589,346.15,0.97,0.9878401164108495
605.9141973151944,346.15,0.98,0.9919517821542518
609.4119295773535,346.15,0.99,0.996005685909869
612.2585175113766,347.15,0.92,0.9664949146710117
615.0721509817724,347.15,0.93,0.970864264411675
618.0227141280587,347.15,0.94,0.9751862586067581
621.1107816424627,347.15,0.95,0.9794585636834556
624.3369657613252,347.15,0.96,0.9836789436947729
627.7019151995311,347.15,0.97,0.9878452620308139
631.2063141249383,347.15,0.98,0.9919554828845314
634.8508811716038,347.15,0.99,0.9960076724709606
637.6482241949643,348.15,0.92,0.9665032856440832
640.577042544686,348.15,0.93,0.9708724688253408
643.6488724828702,348.15,0.94,0.9751940576243875
646.8643061250732,348.15,0.95,0.979465711102205
650.2239749860236,348.15,0.96,0.9836851868287938
653.7285488469275,348.15,0.97,0.9878503425887339
657.3787346658022,348.15,0.98,0.9919591378387635
661.1752755294885,348.15,0.99,0.9960096349164398
663.9153532374615,349.15,0.92,0.9665115295942529
666.9632753334538,349.15,0.93,0.9708805548342
670.1605168372831,349.15,0.94,0.9752017487408936
673.5076875715714,349.15,0.95,0.979472763108134
677.005438690051,349.15,0.96,0.983691349118333
680.6544614743606,349.15,0.97,0.9878553590421488
684.4554861770728,349.15,0.98,0.991962747687698
688.4092809094487,349.15,0.99,0.9960115735984533
691.0836585043323,350.15,0.92,0.9665196484609361
694.2547071386388,350.15,0.93,0.9708885242268882
697.5816155364937,350.15,0.94,0.9752093335713078
701.0650115059557,350.15,0.95,0.9794797211181739
704.7055661975627,350.15,0.96,0.9836974317560462
708.5039928271068,350.15,0.97,0.9878603123315748
712.4610454480179,350.15,0.98,0.9919663130901563
716.5775177716939,350.15,0.99,0.9960134888628795
719.1773335505894,351.15,0.92,0.9665276441489447
722.4756373010969,351.15,0.93,0.9708963787602128
725.9365804730008,351.15,0.94,0.975216813701979
729.5608091322674,351.15,0.95,0.9794865865241269
733.3490147807627,351.15,0.96,0.9837034359134534
737.3019330013504,351.15,0.97,0.9878652033808646
741.4203421561672,351.15,0.98,0.9919698346932829
745.7050621362432,351.15,0.99,0.9960153810494621
748.2210147984227,352.15,0.92,0.966535518529211
751.6508099015361,352.15,0.93,0.9709041201598182
755.2502702893624,352.15,0.94,0.975224190691175
759.0200605518041,352.15,0.95,0.9794933606931921
762.9608928928124,352.15,0.96,0.9837093627413838
767.0735256940136,352.15,0.97,0.9878700330975578
771.3587621352813,352.15,0.98,0.991973313132793
775.8174488702327,352.15,0.99,0.996017250491939
778.2397846455593,353.15,0.92,0.9665432734394952
781.8054168804899,353.15,0.93,0.9709117501208372
785.5479935110396,353.15,0.94,0.9752314660696693
789.4681979100678,353.15,0.95,0.9795000449684815
793.5667633301047,353.15,0.96,0.983715213370408
797.8444713815676,353.15,0.97,0.9878748023732243
802.3021505718921,353.15,0.98,0.9919767490332119
806.9406749033699,353.15,0.99,0.9960190975181702
809.2591745033286,354.15,0.92,0.9665509106850749
812.9651010876846,354.15,0.93,0.9709192703085252
816.8555116082936,354.15,0.94,0.9752386413413126
820.9311084724114,354.15,0.95,0.9795066406695212
825.1926463228655,354.15,0.96,0.983720988911262
829.6409304267726,354.15,0.97,0.9878795120837968
834.2768151293602,354.15,0.98,0.9919801430081097
839.1012023704689,354.15,0.99,0.9960209224502597
841.3051677633913,355.15,0.92,0.9665584320394192
845.1559592597447,355.15,0.93,0.97092668235888
849.1990419860853,355.15,0.94,0.9752457179835924
853.4351376273285,355.15,0.95,0.9795131490927409
857.8650225530121,355.15,0.96,0.9837266904552588
862.4895261122808,355.15,0.97,0.9878841630898972
867.3095289983745,355.15,0.98,0.9919834956603301
872.3259616799904,355.15,0.99,0.9960227256046779
874.4042026921871,356.15,0.92,0.966565839244845
878.404544925296,356.15,0.93,0.9709339878792466
882.6052609010254,356.15,0.94,0.9752526974481776
887.007091816428,356.15,0.95,0.9795195715119527
891.6108360983211,356.15,0.96,0.9837323190746914
896.417347600139,356.15,0.97,0.9878887562371551
901.4275338729266,356.15,0.98,0.9919868075822139
906.6423545076128,356.15,0.99,0.9960245072923767
908.5831752521456,357.15,0.92,0.9665731340131591
912.7378712365045,357.15,0.93,0.9709411884489063
917.1013063044142,357.15,0.94,0.97525958116145
921.6742413901321,357.15,0.95,0.9795259091788169
926.457497301922,357.15,0.96,0.9837378758232252
931.4519528162109,357.15,0.97,0.9878932923565168
936.6585428507759,357.15,0.98,0.9919900793558164
942.0782567138381,357.15,0.99,0.9960262678189067
943.8694418487618,358.15,0.92,0.9665803180262844
948.1834137261493,358.15,0.93,0.9709482856196541
952.7147806104622,358.15,0.94,0.9752663705250247
957.4643233881839,358.15,0.95,0.979532163323298
962.4328855662118,358.15,0.96,0.9837433617362822
967.6213712586045,358.15,0.97,0.9878977722645487
973.0307432574834,358.15,0.98,0.9919933115531194
978.6620211847144,358.15,0.99,0.9960280074845272
980.2908220026789,359.15,0.92,0.9665873929368702
984.7691129893681,359.15,0.93,0.9709552809163597
989.4737533888315,359.15,0.94,0.9752730669162563
994.4055442440933,359.15,0.95,0.9795383351541084
999.5653520703117,359.15,0.96,0.983748777831414
1004.9541067292232,359.15,0.97,0.9879021967637328
1010.5727993931288,359.15,0.98,0.9919965047362398
1016.4224805947779,359.15,0.99,0.9960297265843164
1017.8756009459578,360.15,0.92,0.9665943603688905
1022.5233772892547,360.15,0.93,0.9709621758375175
1027.4067639806694,360.15,0.94,0.9752796716887335
1032.5265824127046,360.15,0.95,0.9795444258591427
1037.8837224102406,360.15,0.96,0.9837541251086683
1043.4791399876096,360.15,0.97,0.987906566642755
1049.3138552008754,360.15,0.98,0.9919996594576309
1055.3889500913754,360.15,0.99,0.9960314254082773
1056.6525321417173,361.15,0.92,0.966601221918226
1061.4750850854873,361.15,0.93,0.9709689718557821
1066.5428240373112,361.15,0.94,0.9752861861727634
1071.856590920043,361.15,0.95,0.9795504366059019
1077.4172991609632,361.15,0.96,0.9837594045509449
1083.22593132624,361.15,0.97,0.9879108826767862
1089.2835368565356,361.15,0.98,0.9920027762602805
1095.591229899516,361.15,0.99,0.9960331042414424
1096.650839726421,362.15,0.92,0.9666079791532329
1101.6535874852636,362.15,0.93,0.9709756704184918
1106.911419980927,362.15,0.94,0.9752926116758418
1112.4251998347218,362.15,0.95,0.9795563685419056
1118.1958643595926,362.15,0.96,0.9837646171243436
1124.224423066535,362.15,0.97,0.9879151456277576
1130.5119552784013,362.15,0.98,0.9920058556779036
1137.0596078465126,362.15,0.99,0.9960347633639746
1137.9002208740744,363.15,0.92,0.9666146336152994
1143.0887106157988,363.15,0.93,0.9709822729481794
1148.5425153863646,363.15,0.94,0.9752989494831151
1154.262518660158,363.15,0.95,0.9795622227950967
1160.2496819089852,363.15,0.96,0.9837697637785047
1166.5050419748356,363.15,0.97,0.9879193562446292
1173.0297085565762,363.15,0.98,0.9920088982351307
1179.8248618056405,363.15,0.99,0.9960364030512665
1180.4308480816803,364.15,0.92,0.9666211868193877
1185.8107579177401,364.15,0.93,0.9709887808430722
1191.4665532835406,364.15,0.94,0.9753052008578298
1197.3991386469386,364.15,0.95,0.9795680004742356
1203.6094999010725,364.15,0.96,0.9837748454469409
1210.0987015976727,364.15,0.97,0.9879235152636513
1216.8678843011462,364.15,0.98,0.9920119044476919
1223.9182620581548,364.15,0.99,0.9960380235740373
1224.2733713752607,365.15,0.92,0.9666276402545646
1229.850512358797,365.15,0.93,0.9709951954775785
1235.714458379673,365.15,0.94,0.9753113670417712
1241.866135024637,365.15,0.95,0.9795737026692861
1248.3065528592288,365.15,0.96,0.9837798630473612
1255.0368045156304,365.15,0.97,0.9879276234086201
1262.0580619084744,365.15,0.98,0.9920148748225956
1269.3715735729375,365.15,0.99,0.9960396251984267
1269.4589204359077,366.15,0.92,0.9666339953845196
1275.2392385670498,366.15,0.93,0.9710015182027647
1281.3176392008218,366.15,0.94,0.9753174492556941
1287.6950691525415,366.15,0.95,0.9795793304517899
1294.3725638991205,366.15,0.96,0.9837848174819871
1301.3512445152494,366.15,0.97,0.9879316813911285
1308.632314745068,366.15,0.98,0.9920178098583052
1316.2170582032286,366.15,0.99,0.9960412081860885
1316.0191066452212,367.15,0.92,0.9666402536480697
1322.008684883296,367.15,0.93,0.9710077503468204
1328.3079901520878,367.15,0.94,0.9753234486997406
1334.91799058864,367.15,0.95,0.9795848848752355
1341.8397468073958,367.15,0.96,0.9837897096378633
1349.0744086783195,367.15,0.97,0.9879356899108094
1356.6232122483625,367.15,0.98,0.9920207100449084
1364.4874767997762,367.15,0.99,0.9960427727942786
1363.9860250496558,368.15,0.92,0.9666464164596548
1370.19108533195,368.15,0.93,0.9710138932155119
1376.7178934959925,368.15,0.94,0.9753293665538505
1383.5674390763809,368.15,0.95,0.9795903669754166
1390.7408080377231,368.15,0.96,0.9837945403871575
1398.2391793880697,368.15,0.97,0.9879396496555741
1406.0638219439302,368.15,0.98,0.9920235758642861
1414.2160912399115,368.15,0.99,0.9960443192759451
1413.3922562432608,369.15,0.92,0.9666524852098198
1419.8191615099827,369.15,0.93,0.9710199480926274
1426.5802212485119,369.15,0.94,0.9753352039781608
1433.6764464486905,369.15,0.95,0.9795957777707824
1441.1089486236515,369.15,0.96,0.9837993105874578
1448.8789362517332,369.15,0.97,0.9879435613018455
1456.9877113785806,369.15,0.98,0.9920264077902748
1465.4366663720155,369.15,0.99,0.9960458478798121
1464.270868168341,370.15,0.92,0.9666584612656868
1470.9261243934257,370.15,0.93,0.97102591624041
1477.9283369922991,370.15,0.94,0.975340962113397
1485.2785384487672,370.15,0.95,0.9796011182627811
1492.9778660078268,370.15,0.96,0.9838040210820594
1501.0275579390031,370.15,0.97,0.9879474255147849
1509.42894996888,370.15,0.98,0.9920292062888263
1518.1834718748948,370.15,0.99,0.9960473588504659
1516.6554178336323,371.15,0.92,0.966664345971416
1523.5456760610323,371.15,0.93,0.9710317988999824
1530.7960976066793,371.15,0.94,0.9753466420812551
1538.407736467246,371.15,0.95,0.9796063894361933
1546.3817557871357,371.15,0.96,0.9838086727002467
1554.7194239359683,371.15,0.97,0.9879512429485149
1563.4221107646588,371.15,0.98,0.9920319718181634
1572.4912840316442,371.15,0.99,0.996048852428435
1570.5799529495773,372.15,0.92,0.966670140648656
1577.7120113346803,372.15,0.93,0.9710375972917603
1585.217854914003,372.15,0.94,0.9753522449847748
1593.0985591953067,372.15,0.95,0.9796115922594603
1601.3553133733676,372.15,0.96,0.9838132662575685
1609.9894162141009,372.15,0.97,0.9879550142463356
1619.002272127093,372.15,0.98,0.9920347048289326
1628.3953874175663,372.15,0.99,0.9960503288502709
